sentiment,text,user
"positive","RT @rs_financial: **TESLA GIVEAWAY** \n\nWe are giving away one $TSLA share for FREE (equivalent cash value) to one person that retweets this‚Ä¶","MichaelEvEllis"
"positive","RT @The_Real_Fly: Elon is 100% fucking $TSLA with his new vendetta against $BTC.","mates_cheers"
"neutral","@elonmusk @ChainLinkGod @PeterMcCormack If $TSLA doesn‚Äôt accept #doge I‚Äôve committed myself to purchase a Hustler (‚Ä¶ https://t.co/XSODo2nxRI","GodDodge"
"positive","RT @RedlandsDiaries: Del Taco $TACO is a strong small cap stock with a great brand and a nice yield\n\n$tsla #doge $fb $twtr #stocks #btc","Gambiste1"
"positive","via The_Real_Fly: Elon is 100% fucking $TSLA with his new vendetta against $BTC. $tsla","FinTwitTSLA"
"negative","MR. BULLISH WATCHLIST (MAY 17-MAY 21) \n\n1/ $MOSY (FLIP)\n2/ $HYRE (FLIP)\n3/ $NCTY (LONG)\n4/ $GEVO (LONG)\n5/ $TTD (SW‚Ä¶ https://t.co/7f9NKp4Yf7","itsmrbullish"
"neutral","RT @CryptoChaine: Buy $BTC sell $TSLA","Chartronics"
"neutral","RT @JCrz_: $NIO $TSLA $XPEV \n\n#BatterySwapping was tested and discarded by @Tesla in 2015. \n\nNow, the technology is benefiting from Beijing‚Ä¶","Yassir_Hassini"
"positive","RT @The_Real_Fly: Elon is 100% fucking $TSLA with his new vendetta against $BTC.","JohnVieira25"
"positive","RT @TheTechTraders: ARE #APPLE, #TESLA, AND #BITCOIN ENTERING A TECHNICAL ‚ÄòEXCESS PHASE TOP‚Äô? SHOULD YOU BE IN CASH RIGHT NOW? PART II \n\nht‚Ä¶","ApplePrediccion"
"negative","Watch @elonmusk trade Tesla's $TSLA $BTC holdings for $DOGE and the stock price fucking tank it","CryptoAl_ex"
"neutral","RT @jeremymday: Conviction Rankings:\n\n1. $SQ\n2. $SHOP\n3. $SE\n4. $ROKU \n5. $ETSY\n6. $NET\n7. $TTD\n8. $TWTR\n9. $RDFN\n10. $MWK\n11. $FB\n12. $GOO‚Ä¶","Gambiste1"
"negative","Elon is 100% fucking $TSLA with his new vendetta against $BTC.","The_Real_Fly"
"neutral","RT @CryptoChaine: Buy $BTC sell $TSLA","MONEYBADGERZZZ"
"neutral","RT @MichaelaArouet: Just saying... just saying... $TSLA https://t.co/13NuXWxJ1N","FaceplantSteven"
"positive","@MattFreeman_ @CeceBarbour @StockMarketNerd @elonmusk Bitcoin increased 200% on average for more than a decade befo‚Ä¶ https://t.co/E7uKTrpZmY","_learntoinvest"
"negative","RT @jakebrowatzke: BREAKING: An SEC-filling showing a retired fossil-fuel power plant was brought back online for the sole purpose of bitco‚Ä¶","BergeronNews"
"positive","RT @rs_financial: **TESLA GIVEAWAY** \n\nWe are giving away one $TSLA share for FREE (equivalent cash value) to one person that retweets this‚Ä¶","brforrester49"
"neutral","RT @CryptoChaine: Buy $BTC sell $TSLA","JudahBrico"
"positive","Our second discord server is live. Free for life if you see this. Join now if you'd like to refine your knowledge i‚Ä¶ https://t.co/RKtgqwJdii","TVMoneymakero"
"neutral","Elon Musk replied to @CryptoWhale #BTC #Doge #Tesla $TSLA https://t.co/VDpJNHN2eF","EveryElonReply"
"positive","ARE #APPLE, #TESLA, AND #BITCOIN ENTERING A TECHNICAL ‚ÄòEXCESS PHASE TOP‚Äô? SHOULD YOU BE IN CASH RIGHT NOW? PART II‚Ä¶ https://t.co/v3T7I3ciYx","TheTechTraders"
"negative","Musk is .... predictable if nothing else $TSLA https://t.co/kDaQvW4fSX","RBB_III"
"neutral","@elonmusk @ChainLinkGod @PeterMcCormack Why dont whales, reddit, tiktok and the entire Cryoto Community start short‚Ä¶ https://t.co/jmWGTkh4o0","kushaaldoshi"
"neutral","Buy $BTC sell $TSLA","CryptoChaine"
"neutral","Trading Zones with SH Episode 61 - $MNQ_F, $MES_F, $RTY_F, $AMZN, $NFLX, $NVDA, $MSFT, $AAPL, $FB, $INTC, $CMG,‚Ä¶ https://t.co/nbAomidWDc","PowerOfPivots"
"negative","@milwaki_5 @elonmusk @ChainLinkGod @PeterMcCormack $tsla to the bottom of the ocean. Fuck the boring company is pro‚Ä¶ https://t.co/WLVx3Z46Wj","Claytown7"
"negative","$BTC might go down because of tweets temporarily and eventually will find its strength again, but $TSLA will have hard time to recover.","dowlapet"
"negative","@elonmusk @ChainLinkGod @PeterMcCormack The Dogefather sounds like someone that sucks a lot of dick, just saying.‚Ä¶ https://t.co/ESEy9QBmtg","KennyCfa"
"neutral","Some profits from last week $NQ_F $TSLA $SPY $GOOGL $FDX $JPM $RBLX $PTIX https://t.co/Iqunj2CKpO","print_trading"
"neutral","Any $TSLA shorters? üßê\n\nRemember guys, it‚Äôs ‚ÄúWhen Lambo‚Äù not ‚ÄúWhen Tesla‚Äù \n\n#Bitcoin","CostTomas"
"neutral","RT @biotrader7: $tsla and flush","TSLA__bot"
"positive","via TheStalwart: ELON MUST REOPENS AN OLD WOUND IN THE BITCCOIN WORLD\n\nNew post from me about how out of nowhere, E‚Ä¶ https://t.co/WmQPQ4m7R6","FinTwitTSLA"
"neutral","@elonmusk @PeterMcCormack Should $TSLA investors sell their stock and go all-in on #Doge? https://t.co/aQhkyJzFc4","ValueAnalyst1"
"neutral","China is going to nuke $tsla stock https://t.co/i2RLq9vMRK","jdecentralized"
"positive","@The_Real_Fly $tsla dumping btc soon ?","avalex"
"negative","RT @WallStCynic: How do these guys cover the automobile industry with a straight face? Those ‚Äúinsane‚Äù retractable spoilers have been around‚Ä¶","amlivemon"
"positive","I don't think $tsla sold like some people said\nWe would notice that kind of inflow onchain","Mister_Ch0c"
"positive","@elonmusk @ChainLinkGod @PeterMcCormack We are giving away a FREE share of $TSLA. No payment necessary. Check our pinned tweet!","rs_financial"
"positive","RT @Stockpro1221: $RLC #1 let‚Äôs go!! üöÄüöÄüöÄüöÄ\n\n$8 very undervalued here\n\n$BTC $ETH $DOGE $LTC $BCH $NMR $NKN $ADA $MATIC $XLM $YFI $SPY $ALGO #‚Ä¶","iExecRLC_Canada"
"negative","@MrBuyside @tradingview And it also has repercussions for foreign companies investing in China. We have written abo‚Ä¶ https://t.co/HC0VEgTOH0","CapitalKnowhow"
"neutral","RT @davidtayar5: $TSLA\n\nüò≥üò≥üò≥","S_Padival"
"positive","@ShyCybertruck @BWillOfficial Precisely!! \nThis is how we bolster our #rEVolution @BWillOfficial!\nTake their money‚Ä¶ https://t.co/I9GTWAs2oz","CyberFitzy"
"neutral","$TSLA looking to prove $BTC liquidity again soon - SOURCES","dkcrypto13"
"neutral","RT @AtlasHodl: Imagine being a $TSLA shareholder what a shitshow üòÇ \n\nDump that trash, buy #Bitcoin","sndbtc"
"neutral","@elonmusk @ChainLinkGod @PeterMcCormack Why does $TSLA still keeps $BTC ...?","arielsbdar"
"positive","$RLC HUGE!!! Google, INTEL, Bosch üöÄüöÄüöÄ\n\nhttps://t.co/MLa2VQi8Wx\n\n$BTC $ETH $DOGE $LTC $BCH $OXT $NMR $NKN $ADA‚Ä¶ https://t.co/oiPdmOxBVJ","Stockpro1221"
"neutral","@CryptoKaleo @elonmusk can we get everyone to buy $TSLA puts","collie_crypto"
"neutral","We are now sitting at the price where $btc was after $tsla anounced they bought in february","Mister_Ch0c"
"neutral","Get short on Government Motors (ie: #Tesla) $TSLA","bryant22516210"
"positive","Influencer @Rich_HeRich most mentioned tickers 1M\n\n1. $TSLA 4\n2. $XLM 3\n3. $AMC 3\n4. $DOGE 3\n5. $BTC 2\n6. $SHIB 2\n7‚Ä¶ https://t.co/hGtJxwvuw6","EquityInformer"
"negative","@foo78017145 @coinmamba @udiWertheimer people wanted to speculate, let‚Äôs fucking speculate ! Supervillain elon is s‚Ä¶ https://t.co/OYmIDhTB6n","j_twmade"
"neutral","How #ElonMusk May Have Caused Another #Cryptocurrency To Surge. $TSLA #DOGE #ETH #LTC #XRP #DOT #ADA #Bitcoin https://t.co/C2VhA6PnSp","MarcoDaCostaFX"
"neutral","@xavier_delmas Je ne comprends pas non plus mais il est √† la mode de shorter ARKK en tous cas qui revient √† shorter‚Ä¶ https://t.co/vkOPhnDB6R","julesdelajules"
"negative","Isnt @elonmusk one job is to protect shareholder value for $tsla? He is destroying it by trolling bitcoin which his‚Ä¶ https://t.co/6nySwIPJWm","ivanba12"
"neutral","@AlistairInvest $TSLA holder who has a -90% drawdown on account.","patienttrading"
"positive","RT @garyblack00: A good solution for $TSLA shareholders would be:\n\n1/ TSLA sells its ~$2.1B #btc stake and pockets $0.8B gain.\n2/ TSLA agre‚Ä¶","giorgiolosi"
"negative","@elonmusk @ChainLinkGod @PeterMcCormack Paypal, wtf.  @elonmusk is literally looking dumber with each tweet.  $TSLA selloff incoming üìâ","CAS_CAS_CAS"
"positive","if you aren‚Äôt shorting $TSLA first thing monday morning you don‚Äôt believe in #Bitcoin","StonksUpOnly"
"neutral","And i was looking for a chill Sunday, got this instead! $TSLA https://t.co/dUHFBkqnDp","SteelNicho"
"negative","The Dogefather sounds like someone that sucks a lot of dick, just saying. $TSLA https://t.co/I4zeasP5rk","KennyCfa"
"neutral","RT @TradeSniperSara: $TSLA trying to hold on and remain an inside day. If we break yesterdays low, here are your short targets. https://t.c‚Ä¶","Marcus_de_maria"
"neutral","RT @d_pavlos: $TSLA 15 min chart\nMoment of truth here https://t.co/l3rFJODv28","TSLA__bot"
"neutral","Si sigue metiendo show va comprar $BTC abajo de 40K comodo y hasta le va a alcanzar para comprar $ETH abajo de los‚Ä¶ https://t.co/27SVrGAVzE","Mr_Drone"
"neutral","@elonmusk @ChainLinkGod @PeterMcCormack Sell $TSLA","CoinerMcgregor"
"neutral","How Elon Musk May Have Caused Another Cryptocurrency To Surge $TSLA https://t.co/IDenYpT63z","Benzinga"
"neutral","It‚Äôs on vs Elon.  $TSLA #Bitcoin #dogecoin https://t.co/l7wzb45y4x https://t.co/pKUJL4rCAn","ShortingIsFun"
"neutral","Short $TSLA at open tomorrow","NYCPunter"
"negative","@TimOthy3399 @elonmusk @ChainLinkGod @PeterMcCormack If $BTC is going to hundreds of thousands then only stupid hol‚Ä¶ https://t.co/XxZTLefBel","s17_scott"
"neutral","IN FRIDAY'S RE-CAP FOR 5/14/2021 FROM PRE-MARKET NOTES\n\n$TSLA\n#10 ON #ACT PRE-MARKET LIST\nI TRADE $TSLA IN CHAT ON‚Ä¶ https://t.co/EWWMzK4Ivw","AjTrader7"
"positive","Is it worrisome to anyone else that @elonmusk apparently sources all his information from blog spam sites like Forbes. Com?  #Bitcoin $tsla","TeamBitcoin"
"positive","sweet\n\nnow maxis will fight $tsla instead of eth","eip1559"
"positive","RT @EveryElonReply: Elon Musk liked a tweet from Blake Check #Tesla $TSLA https://t.co/QBUbXFbRmr","xiang_aw"
"negative","@c4chaos $tsla will be down 20 perc next week save this tweet for the record","Techcenterr"
"neutral","@elonmusk @XHNews Give @beneildariush his mfkin car , we dont give a flyin fxck dude , you talking about mars and c‚Ä¶ https://t.co/Om3HFo02xS","PHennyboy"
"positive","$RLC #1 let‚Äôs go!! üöÄüöÄüöÄüöÄ\n\n$8 very undervalued here\n\n$BTC $ETH $DOGE $LTC $BCH $NMR $NKN $ADA $MATIC $XLM $YFI $SPY‚Ä¶ https://t.co/WxV3x58sxE","Stockpro1221"
"positive","@elonmusk @poisonouspinups @michael_saylor I'm kind of just a little confused, I know that there's an energy factor‚Ä¶ https://t.co/wbtd9PBYQB","aristeski"
"neutral","If I'm not mistaken, @SenBlumenthal is someone to pay attention to. \"Cryptocurrencies have made it easier for cyber‚Ä¶ https://t.co/EQ1g9LcSCD","stoxdox"
"positive","@elonmusk @ChainLinkGod @PeterMcCormack Why $tsla bought Bitcoin then. So bizarre.","maxma2019"
"neutral","@Sicarious_ They probably gonna announce $TSLA sold all $BTC next.","FedKassad"
"neutral","@elonmusk @ChainLinkGod @PeterMcCormack When flying cars?\n\n$TSLA","lvl_777_pro"
"neutral","Tesla $TSLA probably unloads its entire $BTC holdings within next week or two.","JewSwell"
"neutral","@elonmusk @PeterMcCormack Obnoxious threads like this make me want to dump $TSLA  and go all in @NIOGlobal $NIO","deepred86"
"positive","RT @Teslaconomics: ‚ÄúELON.. ELON MUSK! Where‚Äôs my wife‚Äôs car???‚Äù\n\nMan, this is hilarious. \n\n$TSLA #Tesla \n\nhttps://t.co/arIhxdZZoy","stevebarrett"
"positive","I would be nervous if I was a $TSLA shareholder right now‚Ä¶","MidwitMedia"
"positive","2/\nb. #Tether is toast after #NYAG and banned in \"normal\" jurisdictions;\nc. Direct withdrawals through major exchan‚Ä¶ https://t.co/N4q47jYcjy","ico_dna"
"neutral","@jeremyjudkins Now we know who is buying $11,000 in $tsla shares ü•µ","TeslaJavi"
"positive","Elon Musk liked a tweet from Blake Check #Tesla $TSLA https://t.co/QBUbXFbRmr","EveryElonReply"
"negative","RT @squawksquare: My $TSLA Model Y delivery date just got pushed back another 2-3 weeks today. Demand must be absolutely insane. Anyone kno‚Ä¶","worldtravelerfo"
"neutral","$mara $sklz $tsla $opti $spy $srne $coin $fubo  $fsr $dkng $penn $aapl $ibio $mvis $ocgn $pltr $wkhs $msft  $vxrt‚Ä¶ https://t.co/sSXFw4Nsmt","Right__Stocks"
"positive","RT @Real_Futurist: Something I‚Äôm confident is true about @elonmusk is that he doesn‚Äôt care about pedigree, credentials, or experience. He‚Äôs‚Ä¶","Cryptogirlhere"
"neutral","@AltcoinPsycho Ban Tesla forever and considering short $tsla","CryptoTaiyaki"
"neutral","@stockinvestort @BahamaBen9 $TSLA $VYGVF $TDACW $ETH $LUNA","NoRiskNoBisc"
"positive","RT @LilyBirdCap: $ES\nPREPARETH THYSELF FOR HIGHER PRICES! \n\n$SPY $QQQ $TLT $VIX $AAPL $TSLA https://t.co/hs3J9GTLyA","postcoitalbliss"
"positive","RT @Real_Futurist: Something I‚Äôm confident is true about @elonmusk is that he doesn‚Äôt care about pedigree, credentials, or experience. He‚Äôs‚Ä¶","BMT094"
"positive","@Cynical_opt @elonmusk @ChainLinkGod @PeterMcCormack For sure. Buying was definitely a mistake given the flip flop‚Ä¶ https://t.co/TpUdPbViAB","PaperBagInvest"
"negative","@elonmusk seems to be pissed off with all the morons out there $tsla https://t.co/PNgu75f5Dn","adrFinance"
"neutral","@elonmusk @PeterMcCormack So, this is called an ad hominem attack as he has no means to argue against the thread\n\nA‚Ä¶ https://t.co/Pfe4pxRtbv","SteelNicho"
"neutral","@garyblack00 @NoToFOMOinvest And Elon is taking $TSLA in that direction. Soon it will be a crypto stock which lives‚Ä¶ https://t.co/3LyHl6cW2u","StrivenB"
"neutral","um, nope. coz $TSLA &gt; #Bitcoin üôÑ https://t.co/hIq9fbinAM","c4chaos"